{
    "questions": {
      "1": {
        "text": "Capital of AR?",
        "option1": "Benisville",
        "option2": "Col. Glenn",
        "option3": "Little Rock",
        "correct": 3
      },
      "2": {
        "text": "California abbr.",
        "option1": "CA",
        "option2": "CN",
        "option3": "CF",
        "correct": 1
      },
      "3": {
        "text": "Opposite of North:",
        "option1": "East",
        "option2": "South",
        "option3": "West",
        "correct": 2
      },
      "4": {
        "text": "Las Vegas state: ",
        "option1": "CA",
        "option2": "NV",
        "option3": "FL",
        "correct": 2
      }
    }
  }