{
    "questions": {
      "1": {
        "text": "What is 3 + 5?",
        "option1": 6,
        "option2": 2,
        "option3": 8,
        "correct": 3
      },
      "2": {
        "text": "What is 7 + 9?",
        "option1": 16,
        "option2": 12,
        "option3": 14,
        "correct": 1
      },
      "3": {
        "text": "What is 8 - 4?",
        "option1": 5,
        "option2": 2,
        "option3": 4,
        "correct": 3
      },
      "4": {
        "text": "What is 12 + 7?",
        "option1": 5,
        "option2": 19,
        "option3": 14,
        "correct": 2
      }
    }
  }